cycle_id,gait_percent,R_Hip_X,R_Hip_Y,R_Hip_Z,L_Hip_X,L_Hip_Y,L_Hip_Z,R_Knee_X,L_Knee_X,R_Ankle_X,L_Ankle_X,R_Pelvis_X,R_Pelvis_Y,R_Pelvis_Z,L_Pelvis_X,L_Pelvis_Y,L_Pelvis_Z
synthetic_1,0,31.827,3.0,-6.351,-11.827,-5.0,-1.649,6.895,10.157,-2.814,7.471,1.168,-1.882,14.0,-1.168,0.482,14.0
synthetic_1,1,32.112,2.992,-6.143,-11.109,-4.992,-1.857,7.496,11.395,-3.261,6.324,1.339,-1.64,13.984,-1.339,0.24,13.984
synthetic_1,2,32.304,2.968,-5.927,-10.314,-4.968,-2.073,8.221,12.849,-3.702,4.946,1.505,-1.394,13.937,-1.505,-0.006,13.937
synthetic_1,3,32.396,2.929,-5.703,-9.451,-4.929,-2.297,9.073,14.54,-4.093,3.325,1.665,-1.145,13.86,-1.665,-0.255,13.86
synthetic_1,4,32.382,2.874,-5.472,-8.528,-4.874,-2.528,10.046,16.478,-4.391,1.468,1.819,-0.895,13.753,-1.819,-0.505,13.753
synthetic_1,5,32.257,2.804,-5.236,-7.555,-4.804,-2.764,11.126,18.673,-4.556,-0.601,1.965,-0.643,13.618,-1.965,-0.757,13.618
synthetic_1,6,32.017,2.719,-4.995,-6.541,-4.719,-3.005,12.286,21.126,-4.56,-2.833,2.103,-0.392,13.458,-2.103,-1.008,13.458
synthetic_1,7,31.657,2.619,-4.75,-5.493,-4.619,-3.25,13.491,23.83,-4.394,-5.154,2.234,-0.143,13.275,-2.234,-1.257,13.275
synthetic_1,8,31.176,2.505,-4.501,-4.421,-4.505,-3.499,14.696,26.768,-4.064,-7.468,2.355,0.105,13.072,-2.355,-1.505,13.072
synthetic_1,9,30.571,2.377,-4.251,-3.332,-4.377,-3.749,15.848,29.914,-3.595,-9.662,2.467,0.35,12.852,-2.467,-1.75,12.852
synthetic_1,10,29.842,2.236,-4.0,-2.233,-4.236,-4.0,16.891,33.232,-3.024,-11.619,2.569,0.59,12.618,-2.569,-1.99,12.618
synthetic_1,11,28.989,2.082,-3.749,-1.131,-4.082,-4.251,17.772,36.672,-2.392,-13.227,2.661,0.825,12.375,-2.661,-2.225,12.375
synthetic_1,12,28.015,1.916,-3.499,-0.031,-3.916,-4.501,18.44,40.179,-1.739,-14.394,2.743,1.054,12.126,-2.743,-2.454,12.126
synthetic_1,13,26.923,1.738,-3.25,1.061,-3.738,-4.75,18.858,43.685,-1.097,-15.059,2.814,1.276,11.874,-2.814,-2.676,11.874
synthetic_1,14,25.717,1.55,-3.005,2.141,-3.55,-4.995,19.0,47.117,-0.488,-15.197,2.874,1.491,11.625,-2.874,-2.891,11.625
synthetic_1,15,24.403,1.351,-2.764,3.206,-3.351,-5.236,18.858,50.397,0.077,-14.827,2.922,1.697,11.382,-2.922,-3.097,11.382
synthetic_1,16,22.986,1.143,-2.528,4.252,-3.143,-5.472,18.44,53.446,0.598,-14.005,2.959,1.893,11.148,-2.959,-3.293,11.148
synthetic_1,17,21.476,0.927,-2.297,5.279,-2.927,-5.703,17.772,56.185,1.081,-12.818,2.984,2.079,10.928,-2.984,-3.479,10.928
synthetic_1,18,19.88,0.703,-2.073,6.284,-2.703,-5.927,16.891,58.541,1.536,-11.371,2.998,2.254,10.725,-2.998,-3.654,10.725
synthetic_1,19,18.209,0.472,-1.857,7.267,-2.472,-6.143,15.848,60.448,1.976,-9.778,2.999,2.418,10.542,-2.999,-3.818,10.542
synthetic_1,20,16.474,0.236,-1.649,8.229,-2.236,-6.351,14.696,61.852,2.412,-8.145,2.989,2.569,10.382,-2.989,-3.969,10.382
synthetic_1,21,14.684,-0.005,-1.45,9.17,-1.995,-6.55,13.492,62.712,2.851,-6.563,2.967,2.707,10.247,-2.967,-4.107,10.247
synthetic_1,22,12.854,-0.25,-1.262,10.091,-1.75,-6.738,12.287,63.003,3.301,-5.102,2.933,2.832,10.14,-2.933,-4.232,10.14
synthetic_1,23,10.995,-0.499,-1.084,10.995,-1.501,-6.916,11.126,62.717,3.765,-3.805,2.888,2.943,10.063,-2.888,-4.343,10.063
synthetic_1,24,9.12,-0.749,-0.918,11.883,-1.251,-7.082,10.047,61.862,4.245,-2.695,2.831,3.04,10.016,-2.831,-4.44,10.016
synthetic_1,25,7.243,-1.0,-0.764,12.757,-1.0,-7.236,9.074,60.467,4.738,-1.774,2.763,3.121,10.0,-2.763,-4.521,10.0
synthetic_1,26,5.376,-1.251,-0.623,13.621,-0.749,-7.377,8.222,58.574,5.244,-1.031,2.684,3.188,10.016,-2.684,-4.588,10.016
synthetic_1,27,3.534,-1.501,-0.495,14.476,-0.499,-7.505,7.498,56.24,5.759,-0.443,2.595,3.239,10.063,-2.595,-4.639,10.063
synthetic_1,28,1.729,-1.75,-0.381,15.326,-0.25,-7.619,6.898,53.536,6.278,0.013,2.495,3.275,10.14,-2.495,-4.675,10.14
synthetic_1,29,-0.026,-1.995,-0.281,16.172,-0.005,-7.719,6.415,50.54,6.797,0.361,2.386,3.295,10.247,-2.386,-4.695,10.247
synthetic_1,30,-1.718,-2.236,-0.196,17.016,0.236,-7.804,6.036,47.336,7.311,0.622,2.267,3.3,10.382,-2.267,-4.7,10.382
synthetic_1,31,-3.337,-2.472,-0.126,17.86,0.472,-7.874,5.746,44.013,7.813,0.813,2.139,3.288,10.542,-2.139,-4.688,10.542
synthetic_1,32,-4.87,-2.703,-0.071,18.706,0.703,-7.929,5.533,40.657,8.298,0.947,2.003,3.261,10.725,-2.003,-4.661,10.725
synthetic_1,33,-6.309,-2.927,-0.032,19.554,0.927,-7.968,5.381,37.349,8.76,1.034,1.859,3.218,10.928,-1.859,-4.618,10.928
synthetic_1,34,-7.643,-3.143,-0.008,20.404,1.143,-7.992,5.279,34.163,9.192,1.078,1.707,3.16,11.148,-1.707,-4.56,11.148
synthetic_1,35,-8.864,-3.351,0.0,21.256,1.351,-8.0,5.217,31.161,9.59,1.086,1.549,3.086,11.382,-1.549,-4.486,11.382
synthetic_1,36,-9.966,-3.55,-0.008,22.108,1.55,-7.992,5.189,28.391,9.946,1.059,1.384,2.998,11.625,-1.384,-4.398,11.625
synthetic_1,37,-10.943,-3.738,-0.032,22.959,1.738,-7.968,5.19,25.885,10.257,1.001,1.215,2.895,11.874,-1.215,-4.295,11.874
synthetic_1,38,-11.79,-3.916,-0.071,23.806,1.916,-7.929,5.218,23.658,10.517,0.915,1.04,2.778,12.126,-1.04,-4.178,12.126
synthetic_1,39,-12.504,-4.082,-0.126,24.646,2.082,-7.874,5.274,21.706,10.722,0.806,0.861,2.647,12.375,-0.861,-4.047,12.375
synthetic_1,40,-13.083,-4.236,-0.196,25.475,2.236,-7.804,5.361,20.011,10.867,0.678,0.679,2.502,12.618,-0.679,-3.902,12.618
synthetic_1,41,-13.526,-4.377,-0.281,26.287,2.377,-7.719,5.483,18.543,10.948,0.536,0.494,2.346,12.852,-0.494,-3.746,12.852
synthetic_1,42,-13.832,-4.505,-0.381,27.078,2.505,-7.619,5.649,17.262,10.961,0.384,0.307,2.177,13.072,-0.307,-3.577,13.072
synthetic_1,43,-14.005,-4.619,-0.495,27.841,2.619,-7.505,5.868,16.124,10.9,0.229,0.119,1.997,13.275,-0.119,-3.397,13.275
synthetic_1,44,-14.047,-4.719,-0.623,28.571,2.719,-7.377,6.152,15.088,10.759,0.074,-0.069,1.806,13.458,0.069,-3.206,13.458
synthetic_1,45,-13.961,-4.804,-0.764,29.259,2.804,-7.236,6.516,14.118,10.528,-0.075,-0.257,1.605,13.618,0.257,-3.005,13.618
synthetic_1,46,-13.754,-4.874,-0.918,29.9,2.874,-7.082,6.975,13.187,10.195,-0.216,-0.444,1.395,13.753,0.444,-2.795,13.753
synthetic_1,47,-13.429,-4.929,-1.084,30.484,2.929,-6.916,7.549,12.278,9.744,-0.345,-0.63,1.177,13.86,0.63,-2.577,13.86
synthetic_1,48,-12.995,-4.968,-1.262,31.005,2.968,-6.738,8.256,11.387,9.156,-0.462,-0.813,0.952,13.937,0.813,-2.352,13.937
synthetic_1,49,-12.458,-4.992,-1.45,31.455,2.992,-6.55,9.118,10.519,8.407,-0.564,-0.992,0.72,13.984,0.992,-2.12,13.984
synthetic_1,50,-11.827,-5.0,-1.649,31.827,3.0,-6.351,10.157,6.895,7.471,-2.814,-1.168,0.482,14.0,1.168,-1.882,14.0
synthetic_1,51,-11.109,-4.992,-1.857,32.112,2.992,-6.143,11.395,7.496,6.324,-3.261,-1.339,0.24,13.984,1.339,-1.64,13.984
synthetic_1,52,-10.314,-4.968,-2.073,32.304,2.968,-5.927,12.849,8.221,4.946,-3.702,-1.505,-0.006,13.937,1.505,-1.394,13.937
synthetic_1,53,-9.451,-4.929,-2.297,32.396,2.929,-5.703,14.54,9.073,3.325,-4.093,-1.665,-0.255,13.86,1.665,-1.145,13.86
synthetic_1,54,-8.528,-4.874,-2.528,32.382,2.874,-5.472,16.478,10.046,1.468,-4.391,-1.819,-0.505,13.753,1.819,-0.895,13.753
synthetic_1,55,-7.555,-4.804,-2.764,32.257,2.804,-5.236,18.673,11.126,-0.601,-4.556,-1.965,-0.757,13.618,1.965,-0.643,13.618
synthetic_1,56,-6.541,-4.719,-3.005,32.017,2.719,-4.995,21.126,12.286,-2.833,-4.56,-2.103,-1.008,13.458,2.103,-0.392,13.458
synthetic_1,57,-5.493,-4.619,-3.25,31.657,2.619,-4.75,23.83,13.491,-5.154,-4.394,-2.234,-1.257,13.275,2.234,-0.143,13.275
synthetic_1,58,-4.421,-4.505,-3.499,31.176,2.505,-4.501,26.768,14.696,-7.468,-4.064,-2.355,-1.505,13.072,2.355,0.105,13.072
synthetic_1,59,-3.332,-4.377,-3.749,30.571,2.377,-4.251,29.914,15.848,-9.662,-3.595,-2.467,-1.75,12.852,2.467,0.35,12.852
synthetic_1,60,-2.233,-4.236,-4.0,29.842,2.236,-4.0,33.232,16.891,-11.619,-3.024,-2.569,-1.99,12.618,2.569,0.59,12.618
synthetic_1,61,-1.131,-4.082,-4.251,28.989,2.082,-3.749,36.672,17.772,-13.227,-2.392,-2.661,-2.225,12.375,2.661,0.825,12.375
synthetic_1,62,-0.031,-3.916,-4.501,28.015,1.916,-3.499,40.179,18.44,-14.394,-1.739,-2.743,-2.454,12.126,2.743,1.054,12.126
synthetic_1,63,1.061,-3.738,-4.75,26.923,1.738,-3.25,43.685,18.858,-15.059,-1.097,-2.814,-2.676,11.874,2.814,1.276,11.874
synthetic_1,64,2.141,-3.55,-4.995,25.717,1.55,-3.005,47.117,19.0,-15.197,-0.488,-2.874,-2.891,11.625,2.874,1.491,11.625
synthetic_1,65,3.206,-3.351,-5.236,24.403,1.351,-2.764,50.397,18.858,-14.827,0.077,-2.922,-3.097,11.382,2.922,1.697,11.382
synthetic_1,66,4.252,-3.143,-5.472,22.986,1.143,-2.528,53.446,18.44,-14.005,0.598,-2.959,-3.293,11.148,2.959,1.893,11.148
synthetic_1,67,5.279,-2.927,-5.703,21.476,0.927,-2.297,56.185,17.772,-12.818,1.081,-2.984,-3.479,10.928,2.984,2.079,10.928
synthetic_1,68,6.284,-2.703,-5.927,19.88,0.703,-2.073,58.541,16.891,-11.371,1.536,-2.998,-3.654,10.725,2.998,2.254,10.725
synthetic_1,69,7.267,-2.472,-6.143,18.209,0.472,-1.857,60.448,15.848,-9.778,1.976,-2.999,-3.818,10.542,2.999,2.418,10.542
synthetic_1,70,8.229,-2.236,-6.351,16.474,0.236,-1.649,61.852,14.696,-8.145,2.412,-2.989,-3.969,10.382,2.989,2.569,10.382
synthetic_1,71,9.17,-1.995,-6.55,14.684,-0.005,-1.45,62.712,13.492,-6.563,2.851,-2.967,-4.107,10.247,2.967,2.707,10.247
synthetic_1,72,10.091,-1.75,-6.738,12.854,-0.25,-1.262,63.003,12.287,-5.102,3.301,-2.933,-4.232,10.14,2.933,2.832,10.14
synthetic_1,73,10.995,-1.501,-6.916,10.995,-0.499,-1.084,62.717,11.126,-3.805,3.765,-2.888,-4.343,10.063,2.888,2.943,10.063
synthetic_1,74,11.883,-1.251,-7.082,9.12,-0.749,-0.918,61.862,10.047,-2.695,4.245,-2.831,-4.44,10.016,2.831,3.04,10.016
synthetic_1,75,12.757,-1.0,-7.236,7.243,-1.0,-0.764,60.467,9.074,-1.774,4.738,-2.763,-4.521,10.0,2.763,3.121,10.0
synthetic_1,76,13.621,-0.749,-7.377,5.376,-1.251,-0.623,58.574,8.222,-1.031,5.244,-2.684,-4.588,10.016,2.684,3.188,10.016
synthetic_1,77,14.476,-0.499,-7.505,3.534,-1.501,-0.495,56.24,7.498,-0.443,5.759,-2.595,-4.639,10.063,2.595,3.239,10.063
synthetic_1,78,15.326,-0.25,-7.619,1.729,-1.75,-0.381,53.536,6.898,0.013,6.278,-2.495,-4.675,10.14,2.495,3.275,10.14
synthetic_1,79,16.172,-0.005,-7.719,-0.026,-1.995,-0.281,50.54,6.415,0.361,6.797,-2.386,-4.695,10.247,2.386,3.295,10.247
synthetic_1,80,17.016,0.236,-7.804,-1.718,-2.236,-0.196,47.336,6.036,0.622,7.311,-2.267,-4.7,10.382,2.267,3.3,10.382
synthetic_1,81,17.86,0.472,-7.874,-3.337,-2.472,-0.126,44.013,5.746,0.813,7.813,-2.139,-4.688,10.542,2.139,3.288,10.542
synthetic_1,82,18.706,0.703,-7.929,-4.87,-2.703,-0.071,40.657,5.533,0.947,8.298,-2.003,-4.661,10.725,2.003,3.261,10.725
synthetic_1,83,19.554,0.927,-7.968,-6.309,-2.927,-0.032,37.349,5.381,1.034,8.76,-1.859,-4.618,10.928,1.859,3.218,10.928
synthetic_1,84,20.404,1.143,-7.992,-7.643,-3.143,-0.008,34.163,5.279,1.078,9.192,-1.707,-4.56,11.148,1.707,3.16,11.148
synthetic_1,85,21.256,1.351,-8.0,-8.864,-3.351,0.0,31.161,5.217,1.086,9.59,-1.549,-4.486,11.382,1.549,3.086,11.382
synthetic_1,86,22.108,1.55,-7.992,-9.966,-3.55,-0.008,28.391,5.189,1.059,9.946,-1.384,-4.398,11.625,1.384,2.998,11.625
synthetic_1,87,22.959,1.738,-7.968,-10.943,-3.738,-0.032,25.885,5.19,1.001,10.257,-1.215,-4.295,11.874,1.215,2.895,11.874
synthetic_1,88,23.806,1.916,-7.929,-11.79,-3.916,-0.071,23.658,5.218,0.915,10.517,-1.04,-4.178,12.126,1.04,2.778,12.126
synthetic_1,89,24.646,2.082,-7.874,-12.504,-4.082,-0.126,21.706,5.274,0.806,10.722,-0.861,-4.047,12.375,0.861,2.647,12.375
synthetic_1,90,25.475,2.236,-7.804,-13.083,-4.236,-0.196,20.011,5.361,0.678,10.867,-0.679,-3.902,12.618,0.679,2.502,12.618
synthetic_1,91,26.287,2.377,-7.719,-13.526,-4.377,-0.281,18.543,5.483,0.536,10.948,-0.494,-3.746,12.852,0.494,2.346,12.852
synthetic_1,92,27.078,2.505,-7.619,-13.832,-4.505,-0.381,17.262,5.649,0.384,10.961,-0.307,-3.577,13.072,0.307,2.177,13.072
synthetic_1,93,27.841,2.619,-7.505,-14.005,-4.619,-0.495,16.124,5.868,0.229,10.9,-0.119,-3.397,13.275,0.119,1.997,13.275
synthetic_1,94,28.571,2.719,-7.377,-14.047,-4.719,-0.623,15.088,6.152,0.074,10.759,0.069,-3.206,13.458,-0.069,1.806,13.458
synthetic_1,95,29.259,2.804,-7.236,-13.961,-4.804,-0.764,14.118,6.516,-0.075,10.528,0.257,-3.005,13.618,-0.257,1.605,13.618
synthetic_1,96,29.9,2.874,-7.082,-13.754,-4.874,-0.918,13.187,6.975,-0.216,10.195,0.444,-2.795,13.753,-0.444,1.395,13.753
synthetic_1,97,30.484,2.929,-6.916,-13.429,-4.929,-1.084,12.278,7.549,-0.345,9.744,0.63,-2.577,13.86,-0.63,1.177,13.86
synthetic_1,98,31.005,2.968,-6.738,-12.995,-4.968,-1.262,11.387,8.256,-0.462,9.156,0.813,-2.352,13.937,-0.813,0.952,13.937
synthetic_1,99,31.455,2.992,-6.55,-12.458,-4.992,-1.45,10.519,9.118,-0.564,8.407,0.992,-2.12,13.984,-0.992,0.72,13.984
synthetic_2,0,29.917,2.76,-6.21,-10.721,-4.757,-1.906,6.781,10.522,-2.705,6.341,1.098,-1.811,13.88,-1.195,0.275,13.875
synthetic_2,1,30.185,2.753,-6.015,-10.002,-4.741,-2.106,7.346,11.806,-3.126,5.134,1.259,-1.583,13.865,-1.353,0.045,13.842
synthetic_2,2,30.365,2.73,-5.811,-9.215,-4.71,-2.314,8.028,13.304,-3.54,3.702,1.415,-1.352,13.821,-1.506,-0.188,13.781
synthetic_2,3,30.452,2.693,-5.601,-8.369,-4.664,-2.528,8.829,15.032,-3.908,2.044,1.565,-1.118,13.748,-1.653,-0.423,13.691
synthetic_2,4,30.439,2.642,-5.384,-7.473,-4.604,-2.749,9.743,16.998,-4.187,0.175,1.71,-0.883,13.647,-1.793,-0.659,13.575
synthetic_2,5,30.322,2.576,-5.162,-6.534,-4.53,-2.974,10.758,19.207,-4.342,-1.869,1.847,-0.647,13.521,-1.926,-0.895,13.433
synthetic_2,6,30.096,2.496,-4.935,-5.561,-4.441,-3.203,11.849,21.656,-4.346,-4.027,1.977,-0.411,13.37,-2.052,-1.13,13.27
synthetic_2,7,29.758,2.402,-4.705,-4.561,-4.339,-3.435,12.982,24.332,-4.19,-6.217,2.1,-0.176,13.198,-2.169,-1.364,13.086
synthetic_2,8,29.305,2.295,-4.471,-3.543,-4.224,-3.67,14.114,27.215,-3.88,-8.338,2.214,0.057,13.007,-2.278,-1.595,12.885
synthetic_2,9,28.736,2.175,-4.236,-2.513,-4.096,-3.906,15.197,30.274,-3.439,-10.28,2.319,0.287,12.8,-2.378,-1.823,12.67
synthetic_2,10,28.051,2.042,-4.0,-1.477,-3.956,-4.142,16.178,33.468,-2.903,-11.934,2.415,0.512,12.581,-2.468,-2.046,12.445
synthetic_2,11,27.25,1.897,-3.764,-0.442,-3.805,-4.377,17.005,36.746,-2.309,-13.206,2.502,0.734,12.352,-2.549,-2.264,12.212
synthetic_2,12,26.335,1.741,-3.529,0.588,-3.642,-4.612,17.634,40.05,-1.695,-14.024,2.579,0.949,12.118,-2.62,-2.475,11.976
synthetic_2,13,25.308,1.574,-3.295,1.608,-3.469,-4.843,18.026,43.312,-1.091,-14.352,2.645,1.158,11.882,-2.68,-2.68,11.741
synthetic_2,14,24.174,1.397,-3.065,2.615,-3.286,-5.072,18.16,46.462,-0.519,-14.191,2.701,1.359,11.648,-2.73,-2.877,11.51
synthetic_2,15,22.939,1.21,-2.838,3.606,-3.094,-5.296,18.026,49.423,0.012,-13.58,2.747,1.553,11.419,-2.769,-3.065,11.286
synthetic_2,16,21.607,1.015,-2.616,4.578,-2.894,-5.515,17.634,52.123,0.502,-12.59,2.781,1.737,11.2,-2.797,-3.244,11.074
synthetic_2,17,20.187,0.811,-2.399,5.531,-2.686,-5.728,17.005,54.49,0.956,-11.315,2.805,1.912,10.993,-2.814,-3.413,10.876
synthetic_2,18,18.688,0.601,-2.189,6.464,-2.472,-5.934,16.178,56.458,1.384,-9.86,2.818,2.077,10.802,-2.82,-3.571,10.696
synthetic_2,19,17.117,0.384,-1.985,7.376,-2.251,-6.133,15.197,57.973,1.798,-8.329,2.819,2.231,10.63,-2.815,-3.717,10.536
synthetic_2,20,15.485,0.162,-1.79,8.268,-2.026,-6.323,14.114,58.99,2.207,-6.814,2.81,2.373,10.479,-2.799,-3.852,10.4
synthetic_2,21,13.803,-0.065,-1.603,9.141,-1.797,-6.504,12.982,59.479,2.62,-5.388,2.789,2.503,10.353,-2.771,-3.975,10.289
synthetic_2,22,12.083,-0.295,-1.426,9.997,-1.565,-6.675,11.849,59.426,3.043,-4.104,2.757,2.62,10.252,-2.733,-4.084,10.205
synthetic_2,23,10.335,-0.529,-1.259,10.838,-1.33,-6.836,10.759,58.835,3.48,-2.989,2.715,2.724,10.179,-2.684,-4.181,10.149
synthetic_2,24,8.573,-0.764,-1.103,11.664,-1.094,-6.985,9.744,57.723,3.93,-2.053,2.661,2.815,10.135,-2.624,-4.263,10.122
synthetic_2,25,6.808,-1.0,-0.958,12.48,-0.858,-7.123,8.829,56.124,4.394,-1.29,2.597,2.892,10.12,-2.554,-4.331,10.125
synthetic_2,26,5.054,-1.236,-0.825,13.287,-0.623,-7.248,8.029,54.089,4.869,-0.681,2.523,2.955,10.135,-2.474,-4.385,10.158
synthetic_2,27,3.322,-1.471,-0.705,14.087,-0.388,-7.361,7.348,51.678,5.353,-0.206,2.439,3.003,10.179,-2.384,-4.425,10.219
synthetic_2,28,1.625,-1.705,-0.598,14.884,-0.157,-7.46,6.784,48.962,5.841,0.159,2.346,3.037,10.252,-2.285,-4.45,10.309
synthetic_2,29,-0.024,-1.935,-0.504,15.678,0.072,-7.546,6.33,46.019,6.329,0.435,2.243,3.056,10.353,-2.177,-4.46,10.425
synthetic_2,30,-1.615,-2.162,-0.424,16.471,0.296,-7.617,5.974,42.93,6.812,0.639,2.131,3.06,10.479,-2.06,-4.455,10.567
synthetic_2,31,-3.137,-2.384,-0.358,17.266,0.515,-7.675,5.702,39.778,7.284,0.786,2.011,3.049,10.63,-1.935,-4.435,10.73
synthetic_2,32,-4.578,-2.601,-0.307,18.062,0.728,-7.717,5.501,36.642,7.74,0.884,1.883,3.023,10.802,-1.802,-4.401,10.914
synthetic_2,33,-5.93,-2.811,-0.27,18.86,0.934,-7.745,5.358,33.593,8.174,0.941,1.747,2.983,10.993,-1.662,-4.352,11.115
synthetic_2,34,-7.184,-3.015,-0.247,19.66,1.133,-7.759,5.262,30.696,8.581,0.962,1.605,2.928,11.2,-1.516,-4.289,11.33
synthetic_2,35,-8.332,-3.21,-0.24,20.461,1.323,-7.757,5.204,28.001,8.954,0.949,1.456,2.859,11.419,-1.364,-4.211,11.555
synthetic_2,36,-9.368,-3.397,-0.247,21.262,1.504,-7.741,5.178,25.543,9.29,0.906,1.301,2.776,11.648,-1.206,-4.12,11.788
synthetic_2,37,-10.287,-3.574,-0.27,22.06,1.675,-7.71,5.179,23.344,9.582,0.836,1.142,2.679,11.882,-1.044,-4.015,12.024
synthetic_2,38,-11.083,-3.741,-0.307,22.853,1.836,-7.664,5.205,21.407,9.826,0.741,0.978,2.569,12.118,-0.877,-3.897,12.259
synthetic_2,39,-11.754,-3.897,-0.358,23.636,1.985,-7.604,5.258,19.72,10.018,0.627,0.809,2.446,12.352,-0.707,-3.766,12.49
synthetic_2,40,-12.298,-4.042,-0.424,24.406,2.123,-7.53,5.339,18.259,10.155,0.498,0.638,2.31,12.581,-0.534,-3.623,12.714
synthetic_2,41,-12.714,-4.175,-0.504,25.159,2.248,-7.441,5.454,16.989,10.231,0.359,0.465,2.163,12.8,-0.359,-3.469,12.926
synthetic_2,42,-13.002,-4.295,-0.598,25.887,2.361,-7.339,5.61,15.871,10.243,0.214,0.289,2.004,13.007,-0.183,-3.304,13.124
synthetic_2,43,-13.165,-4.402,-0.705,26.586,2.46,-7.224,5.816,14.864,10.186,0.068,0.112,1.835,13.198,-0.006,-3.128,13.304
synthetic_2,44,-13.204,-4.496,-0.825,27.25,2.546,-7.096,6.083,13.93,10.053,-0.075,-0.065,1.655,13.37,0.171,-2.943,13.464
synthetic_2,45,-13.124,-4.576,-0.958,27.871,2.617,-6.956,6.425,13.043,9.836,-0.211,-0.242,1.467,13.521,0.347,-2.749,13.6
synthetic_2,46,-12.928,-4.642,-1.103,28.442,2.675,-6.805,6.857,12.181,9.523,-0.337,-0.418,1.27,13.647,0.523,-2.547,13.711
synthetic_2,47,-12.623,-4.693,-1.259,28.957,2.717,-6.642,7.396,11.337,9.1,-0.452,-0.592,1.065,13.748,0.696,-2.338,13.795
synthetic_2,48,-12.215,-4.73,-1.426,29.407,2.745,-6.469,8.061,10.511,8.547,-0.554,-0.764,0.853,13.821,0.866,-2.122,13.851
synthetic_2,49,-11.71,-4.753,-1.603,29.787,2.759,-6.286,8.871,9.712,7.843,-0.642,-0.933,0.635,13.865,1.033,-1.901,13.878
synthetic_2,50,-11.117,-4.76,-1.79,30.088,2.757,-6.094,9.848,7.106,6.963,-2.956,-1.098,0.411,13.88,1.195,-1.675,13.875
synthetic_2,51,-10.442,-4.753,-1.985,30.304,2.741,-5.894,11.011,7.741,5.885,-3.377,-1.259,0.183,13.865,1.353,-1.445,13.842
synthetic_2,52,-9.695,-4.73,-2.189,30.429,2.71,-5.686,12.378,8.494,4.589,-3.769,-1.415,-0.048,13.821,1.506,-1.212,13.781
synthetic_2,53,-8.884,-4.693,-2.399,30.457,2.664,-5.472,13.967,9.365,3.066,-4.089,-1.565,-0.282,13.748,1.653,-0.977,13.691
synthetic_2,54,-8.016,-4.642,-2.616,30.382,2.604,-5.251,15.789,10.342,1.32,-4.297,-1.71,-0.517,13.647,1.793,-0.741,13.575
synthetic_2,55,-7.102,-4.576,-2.838,30.2,2.53,-5.026,17.853,11.406,-0.625,-4.364,-1.847,-0.753,13.521,1.926,-0.505,13.433
synthetic_2,56,-6.148,-4.496,-3.065,29.907,2.441,-4.797,20.159,12.526,-2.723,-4.272,-1.977,-0.989,13.37,2.052,-0.27,13.27
synthetic_2,57,-5.164,-4.402,-3.295,29.5,2.339,-4.565,22.7,13.664,-4.905,-4.021,-2.1,-1.224,13.198,2.169,-0.036,13.086
synthetic_2,58,-4.156,-4.295,-3.529,28.978,2.224,-4.33,25.462,14.773,-7.079,-3.629,-2.214,-1.457,13.007,2.278,0.195,12.885
synthetic_2,59,-3.132,-4.175,-3.764,28.339,2.096,-4.094,28.419,15.801,-9.142,-3.127,-2.319,-1.687,12.8,2.378,0.423,12.67
synthetic_2,60,-2.099,-4.042,-4.0,27.584,1.956,-3.858,31.538,16.696,-10.982,-2.551,-2.415,-1.912,12.581,2.468,0.646,12.445
synthetic_2,61,-1.063,-3.897,-4.236,26.714,1.805,-3.623,34.772,17.409,-12.494,-1.94,-2.502,-2.134,12.352,2.549,0.864,12.212
synthetic_2,62,-0.029,-3.741,-4.471,25.732,1.642,-3.388,38.068,17.899,-13.591,-1.33,-2.579,-2.349,12.118,2.62,1.075,11.976
synthetic_2,63,0.997,-3.574,-4.705,24.64,1.469,-3.157,41.364,18.139,-14.215,-0.743,-2.645,-2.558,11.882,2.68,1.28,11.741
synthetic_2,64,2.013,-3.397,-4.935,23.445,1.286,-2.928,44.59,18.112,-14.345,-0.195,-2.701,-2.759,11.648,2.73,1.477,11.51
synthetic_2,65,3.013,-3.21,-5.162,22.151,1.094,-2.704,47.673,17.821,-13.997,0.311,-2.747,-2.953,11.419,2.769,1.665,11.286
synthetic_2,66,3.997,-3.015,-5.384,20.765,0.894,-2.485,50.539,17.283,-13.225,0.778,-2.781,-3.137,11.2,2.797,1.844,11.074
synthetic_2,67,4.962,-2.811,-5.601,19.297,0.686,-2.272,53.114,16.53,-12.109,1.215,-2.805,-3.312,10.993,2.814,2.013,10.876
synthetic_2,68,5.907,-2.601,-5.811,17.753,0.472,-2.066,55.328,15.604,-10.749,1.633,-2.818,-3.477,10.802,2.82,2.171,10.696
synthetic_2,69,6.831,-2.384,-6.015,16.144,0.251,-1.867,57.121,14.556,-9.252,2.043,-2.819,-3.631,10.63,2.815,2.317,10.536
synthetic_2,70,7.735,-2.162,-6.21,14.481,0.026,-1.677,58.441,13.438,-7.716,2.454,-2.81,-3.773,10.479,2.799,2.452,10.4
synthetic_2,71,8.62,-1.935,-6.397,12.775,-0.203,-1.496,59.25,12.3,-6.229,2.873,-2.789,-3.903,10.353,2.771,2.575,10.289
synthetic_2,72,9.486,-1.705,-6.574,11.037,-0.435,-1.325,59.523,11.188,-4.856,3.303,-2.757,-4.02,10.252,2.733,2.684,10.205
synthetic_2,73,10.335,-1.471,-6.741,9.279,-0.67,-1.164,59.254,10.139,-3.637,3.748,-2.715,-4.124,10.179,2.684,2.781,10.149
synthetic_2,74,11.17,-1.236,-6.897,7.513,-0.906,-1.015,58.451,9.182,-2.594,4.207,-2.661,-4.215,10.135,2.624,2.863,10.122
synthetic_2,75,11.992,-1.0,-7.042,5.753,-1.142,-0.877,57.139,8.335,-1.728,4.678,-2.597,-4.292,10.12,2.554,2.931,10.125
synthetic_2,76,12.804,-0.764,-7.175,4.011,-1.377,-0.752,55.36,7.606,-1.029,5.159,-2.523,-4.355,10.135,2.474,2.985,10.158
synthetic_2,77,13.608,-0.529,-7.295,2.299,-1.612,-0.639,53.166,6.996,-0.476,5.646,-2.439,-4.403,10.179,2.384,3.025,10.219
synthetic_2,78,14.406,-0.295,-7.402,0.629,-1.843,-0.54,50.624,6.499,-0.048,6.135,-2.346,-4.437,10.252,2.285,3.05,10.309
synthetic_2,79,15.201,-0.065,-7.496,-0.987,-2.072,-0.454,47.807,6.105,0.279,6.62,-2.243,-4.456,10.353,2.177,3.06,10.425
synthetic_2,80,15.995,0.162,-7.576,-2.537,-2.296,-0.383,44.796,5.801,0.524,7.097,-2.131,-4.46,10.479,2.06,3.055,10.567
synthetic_2,81,16.789,0.384,-7.642,-4.012,-2.515,-0.325,41.672,5.573,0.704,7.56,-2.011,-4.449,10.63,1.935,3.035,10.73
synthetic_2,82,17.584,0.601,-7.693,-5.401,-2.728,-0.283,38.518,5.409,0.83,8.004,-1.883,-4.423,10.802,1.802,3.001,10.914
synthetic_2,83,18.381,0.811,-7.73,-6.695,-2.934,-0.255,35.408,5.295,0.912,8.422,-1.747,-4.383,10.993,1.662,2.952,11.115
synthetic_2,84,19.18,1.015,-7.753,-7.886,-3.133,-0.241,32.413,5.223,0.954,8.809,-1.605,-4.328,11.2,1.516,2.889,11.33
synthetic_2,85,19.98,1.21,-7.76,-8.968,-3.323,-0.243,29.591,5.185,0.961,9.16,-1.456,-4.259,11.419,1.364,2.811,11.555
synthetic_2,86,20.782,1.397,-7.753,-9.934,-3.504,-0.259,26.988,5.175,0.935,9.47,-1.301,-4.176,11.648,1.206,2.72,11.788
synthetic_2,87,21.582,1.574,-7.73,-10.779,-3.675,-0.29,24.632,5.192,0.881,9.734,-1.142,-4.079,11.882,1.044,2.615,12.024
synthetic_2,88,22.378,1.741,-7.693,-11.501,-3.836,-0.336,22.538,5.234,0.801,9.948,-0.978,-3.969,12.118,0.877,2.497,12.259
synthetic_2,89,23.167,1.897,-7.642,-12.096,-3.985,-0.396,20.704,5.303,0.698,10.107,-0.809,-3.846,12.352,0.707,2.366,12.49
synthetic_2,90,23.946,2.042,-7.576,-12.563,-4.123,-0.47,19.111,5.404,0.577,10.208,-0.638,-3.71,12.581,0.534,2.223,12.714
synthetic_2,91,24.71,2.175,-7.496,-12.902,-4.248,-0.559,17.731,5.542,0.443,10.246,-0.465,-3.563,12.8,0.359,2.069,12.926
synthetic_2,92,25.453,2.295,-7.402,-13.115,-4.361,-0.661,16.526,5.727,0.301,10.217,-0.289,-3.404,13.007,0.183,1.904,13.124
synthetic_2,93,26.171,2.402,-7.295,-13.203,-4.46,-0.776,15.457,5.968,0.155,10.116,-0.112,-3.235,13.198,0.006,1.728,13.304
synthetic_2,94,26.856,2.496,-7.175,-13.17,-4.546,-0.904,14.483,6.278,0.01,9.934,0.065,-3.055,13.37,-0.171,1.543,13.464
synthetic_2,95,27.504,2.576,-7.042,-13.02,-4.617,-1.044,13.571,6.672,-0.131,9.661,0.242,-2.867,13.521,-0.347,1.349,13.6
synthetic_2,96,28.106,2.642,-6.897,-12.758,-4.675,-1.195,12.696,7.166,-0.263,9.284,0.418,-2.67,13.647,-0.523,1.147,13.711
synthetic_2,97,28.655,2.693,-6.741,-12.39,-4.717,-1.358,11.841,7.778,-0.385,8.785,0.592,-2.465,13.748,-0.696,0.938,13.795
synthetic_2,98,29.145,2.73,-6.574,-11.923,-4.745,-1.531,11.004,8.528,-0.494,8.144,0.764,-2.253,13.821,-0.866,0.722,13.851
synthetic_2,99,29.568,2.753,-6.397,-11.365,-4.759,-1.714,10.188,9.436,-0.591,7.337,0.933,-2.035,13.865,-1.033,0.501,13.878
synthetic_3,0,33.736,3.24,-6.492,-12.949,-5.237,-1.38,7.008,9.782,-2.923,8.6,1.238,-1.953,14.12,-1.127,0.705,14.114
synthetic_3,1,34.038,3.232,-6.272,-12.242,-5.239,-1.595,7.645,10.965,-3.397,7.521,1.42,-1.696,14.103,-1.312,0.451,14.117
synthetic_3,2,34.242,3.207,-6.043,-11.448,-5.224,-1.819,8.414,12.366,-3.864,6.209,1.596,-1.435,14.053,-1.491,0.192,14.087
synthetic_3,3,34.339,3.165,-5.805,-10.575,-5.192,-2.051,9.317,14.006,-4.279,4.646,1.765,-1.172,13.971,-1.664,-0.07,14.024
synthetic_3,4,34.325,3.107,-5.561,-9.634,-5.144,-2.292,10.349,15.902,-4.594,2.827,1.928,-0.906,13.858,-1.831,-0.334,13.929
synthetic_3,5,34.193,3.032,-5.31,-8.633,-5.079,-2.539,11.493,18.065,-4.769,0.764,2.083,-0.64,13.715,-1.991,-0.6,13.804
synthetic_3,6,33.938,2.942,-5.054,-7.583,-4.998,-2.792,12.723,20.501,-4.774,-1.506,2.23,-0.374,13.545,-2.143,-0.867,13.65
synthetic_3,7,33.557,2.836,-4.794,-6.493,-4.902,-3.049,14.001,23.209,-4.597,-3.921,2.368,-0.109,13.351,-2.286,-1.132,13.471
synthetic_3,8,33.046,2.716,-4.531,-5.371,-4.79,-3.31,15.278,26.177,-4.248,-6.391,2.496,0.153,13.136,-2.42,-1.396,13.268
synthetic_3,9,32.405,2.58,-4.266,-4.226,-4.663,-3.574,16.499,29.384,-3.751,-8.808,2.615,0.412,12.903,-2.545,-1.657,13.045
synthetic_3,10,31.632,2.43,-4.0,-3.067,-4.522,-3.84,17.605,32.797,-3.146,-11.049,2.723,0.667,12.655,-2.66,-1.915,12.805
synthetic_3,11,30.729,2.267,-3.734,-1.9,-4.367,-4.107,18.538,36.372,-2.476,-12.988,2.821,0.917,12.397,-2.764,-2.168,12.553
synthetic_3,12,29.696,2.091,-3.469,-0.732,-4.198,-4.372,19.246,40.055,-1.783,-14.516,2.908,1.159,12.133,-2.857,-2.415,12.292
synthetic_3,13,28.539,1.902,-3.206,0.431,-4.017,-4.637,19.689,43.78,-1.103,-15.546,2.983,1.395,11.867,-2.939,-2.655,12.027
synthetic_3,14,27.26,1.703,-2.946,1.584,-3.824,-4.899,19.84,47.475,-0.457,-16.028,3.046,1.622,11.603,-3.01,-2.887,11.761
synthetic_3,15,25.867,1.492,-2.69,2.723,-3.62,-5.157,19.689,51.058,0.142,-15.954,3.097,1.841,11.345,-3.068,-3.111,11.499
synthetic_3,16,24.366,1.272,-2.439,3.844,-3.405,-5.411,19.246,54.448,0.694,-15.361,3.137,2.049,11.097,-3.115,-3.325,11.244
synthetic_3,17,22.765,1.043,-2.195,4.945,-3.181,-5.659,18.538,57.558,1.206,-14.322,3.163,2.246,10.864,-3.149,-3.529,11.002
synthetic_3,18,21.073,0.805,-1.957,6.024,-2.949,-5.901,17.605,60.308,1.688,-12.94,3.177,2.432,10.649,-3.17,-3.722,10.776
synthetic_3,19,19.302,0.561,-1.728,7.08,-2.708,-6.135,16.499,62.623,2.155,-11.33,3.179,2.605,10.455,-3.18,-3.902,10.568
synthetic_3,20,17.462,0.31,-1.508,8.114,-2.461,-6.361,15.278,64.437,2.616,-9.612,3.168,2.765,10.285,-3.176,-4.071,10.384
synthetic_3,21,15.565,0.054,-1.297,9.124,-2.208,-6.578,14.001,65.699,3.082,-7.892,3.145,2.912,10.142,-3.16,-4.225,10.224
synthetic_3,22,13.625,-0.206,-1.098,10.113,-1.951,-6.784,12.724,66.372,3.56,-6.259,3.109,3.044,10.029,-3.132,-4.366,10.093
synthetic_3,23,11.654,-0.469,-0.909,11.082,-1.69,-6.979,11.494,66.435,4.051,-4.775,3.061,3.162,9.947,-3.091,-4.493,9.992
synthetic_3,24,9.667,-0.734,-0.733,12.033,-1.426,-7.163,10.35,65.889,4.559,-3.479,3.001,3.264,9.897,-3.038,-4.604,9.923
synthetic_3,25,7.677,-1.0,-0.57,12.968,-1.16,-7.334,9.318,64.749,5.083,-2.383,2.929,3.351,9.88,-2.974,-4.701,9.886
synthetic_3,26,5.699,-1.266,-0.42,13.89,-0.893,-7.492,8.416,63.053,5.619,-1.484,2.845,3.421,9.897,-2.897,-4.781,9.883
synthetic_3,27,3.746,-1.531,-0.284,14.802,-0.628,-7.636,7.648,60.851,6.164,-0.765,2.751,3.476,9.947,-2.809,-4.845,9.913
synthetic_3,28,1.833,-1.794,-0.164,15.706,-0.363,-7.766,7.012,58.211,6.715,-0.201,2.645,3.514,10.029,-2.71,-4.893,9.976
synthetic_3,29,-0.027,-2.054,-0.058,16.604,-0.101,-7.881,6.5,55.21,7.265,0.234,2.529,3.535,10.142,-2.6,-4.924,10.071
synthetic_3,30,-1.821,-2.31,0.032,17.5,0.157,-7.98,6.098,51.935,7.809,0.563,2.403,3.54,10.285,-2.48,-4.939,10.196
synthetic_3,31,-3.537,-2.561,0.107,18.395,0.411,-8.064,5.791,48.478,8.342,0.808,2.267,3.527,10.455,-2.35,-4.937,10.35
synthetic_3,32,-5.162,-2.805,0.165,19.29,0.659,-8.132,5.565,44.93,8.856,0.985,2.123,3.499,10.649,-2.211,-4.918,10.529
synthetic_3,33,-6.687,-3.043,0.207,20.188,0.901,-8.184,5.404,41.383,9.345,1.106,1.97,3.453,10.864,-2.063,-4.882,10.732
synthetic_3,34,-8.101,-3.272,0.232,21.087,1.135,-8.219,5.295,37.92,9.804,1.18,1.809,3.391,11.097,-1.907,-4.83,10.955
synthetic_3,35,-9.396,-3.492,0.24,21.989,1.361,-8.237,5.23,34.613,10.225,1.211,1.642,3.314,11.345,-1.743,-4.762,11.195
synthetic_3,36,-10.564,-3.703,0.232,22.893,1.578,-8.239,5.201,31.525,10.603,1.204,1.467,3.22,11.603,-1.573,-4.678,11.447
synthetic_3,37,-11.6,-3.902,0.207,23.796,1.784,-8.224,5.202,28.697,10.933,1.162,1.287,3.111,11.867,-1.396,-4.578,11.708
synthetic_3,38,-12.498,-4.091,0.165,24.697,1.979,-8.192,5.231,26.158,11.208,1.088,1.102,2.986,12.133,-1.214,-4.463,11.973
synthetic_3,39,-13.255,-4.267,0.107,25.592,2.163,-8.144,5.291,23.915,11.425,0.987,0.913,2.847,12.397,-1.027,-4.332,12.239
synthetic_3,40,-13.868,-4.43,0.032,26.478,2.334,-8.079,5.382,21.959,11.579,0.862,0.72,2.695,12.655,-0.836,-4.188,12.501
synthetic_3,41,-14.337,-4.58,-0.058,27.35,2.492,-7.998,5.512,20.263,11.665,0.72,0.524,2.528,12.903,-0.642,-4.03,12.756
synthetic_3,42,-14.662,-4.716,-0.164,28.203,2.636,-7.902,5.688,18.791,11.678,0.564,0.326,2.349,13.136,-0.445,-3.858,12.998
synthetic_3,43,-14.846,-4.836,-0.284,29.03,2.766,-7.79,5.92,17.5,11.614,0.401,0.127,2.158,13.351,-0.246,-3.674,13.224
synthetic_3,44,-14.89,-4.942,-0.42,29.826,2.881,-7.663,6.221,16.342,11.464,0.237,-0.073,1.956,13.545,-0.047,-3.479,13.432
synthetic_3,45,-14.799,-5.032,-0.57,30.582,2.98,-7.522,6.607,15.276,11.219,0.075,-0.273,1.743,13.715,0.153,-3.272,13.616
synthetic_3,46,-14.579,-5.107,-0.733,31.293,3.064,-7.367,7.094,14.267,10.867,-0.081,-0.471,1.521,13.858,0.352,-3.056,13.776
synthetic_3,47,-14.235,-5.165,-0.909,31.949,3.132,-7.198,7.701,13.29,10.389,-0.225,-0.668,1.29,13.971,0.55,-2.83,13.907
synthetic_3,48,-13.774,-5.207,-1.098,32.543,3.184,-7.017,8.451,12.335,9.766,-0.357,-0.861,1.051,14.053,0.746,-2.595,14.008
synthetic_3,49,-13.205,-5.232,-1.297,33.066,3.219,-6.824,9.365,11.399,8.971,-0.475,-1.052,0.805,14.103,0.938,-2.353,14.077
synthetic_3,50,-12.536,-5.24,-1.508,33.51,3.237,-6.62,10.467,10.491,7.979,-0.578,-1.238,0.553,14.12,1.127,-2.105,14.114
synthetic_3,51,-11.776,-5.232,-1.728,33.868,3.239,-6.405,11.778,7.248,6.763,-3.111,-1.42,0.296,14.103,1.312,-1.851,14.117
synthetic_3,52,-10.933,-5.207,-1.957,34.132,3.224,-6.181,13.32,7.937,5.302,-3.587,-1.596,0.035,14.053,1.491,-1.592,14.087
synthetic_3,53,-10.018,-5.165,-2.195,34.294,3.192,-5.949,15.112,8.759,3.585,-4.039,-1.765,-0.228,13.971,1.664,-1.33,14.024
synthetic_3,54,-9.04,-5.107,-2.439,34.347,3.144,-5.708,17.167,9.715,1.616,-4.42,-1.928,-0.494,13.858,1.831,-1.066,13.929
synthetic_3,55,-8.008,-5.032,-2.69,34.287,3.079,-5.461,19.494,10.795,-0.577,-4.683,-2.083,-0.76,13.715,1.991,-0.8,13.804
synthetic_3,56,-6.933,-4.942,-2.946,34.106,2.998,-5.208,22.094,11.977,-2.943,-4.792,-2.23,-1.026,13.545,2.143,-0.533,13.65
synthetic_3,57,-5.823,-4.836,-3.206,33.801,2.902,-4.951,24.96,13.231,-5.403,-4.725,-2.368,-1.291,13.351,2.286,-0.268,13.471
synthetic_3,58,-4.686,-4.716,-3.469,33.368,2.79,-4.69,28.074,14.515,-7.856,-4.477,-2.496,-1.553,13.136,2.42,-0.004,13.268
synthetic_3,59,-3.532,-4.58,-3.734,32.805,2.663,-4.426,31.409,15.776,-10.182,-4.065,-2.615,-1.812,12.903,2.545,0.257,13.045
synthetic_3,60,-2.367,-4.43,-4.0,32.111,2.522,-4.16,34.926,16.958,-12.256,-3.519,-2.723,-2.067,12.655,2.66,0.515,12.805
synthetic_3,61,-1.199,-4.267,-4.266,31.286,2.367,-3.893,38.573,18.002,-13.961,-2.883,-2.821,-2.317,12.397,2.764,0.768,12.553
synthetic_3,62,-0.033,-4.091,-4.531,30.331,2.198,-3.628,42.29,18.851,-15.198,-2.199,-2.908,-2.559,12.133,2.857,1.015,12.292
synthetic_3,63,1.124,-3.902,-4.794,29.248,2.017,-3.363,46.006,19.457,-15.902,-1.508,-2.983,-2.795,11.867,2.939,1.255,12.027
synthetic_3,64,2.269,-3.703,-5.054,28.042,1.824,-3.101,49.644,19.786,-16.049,-0.84,-3.046,-3.022,11.603,3.01,1.487,11.761
synthetic_3,65,3.398,-3.492,-5.31,26.716,1.62,-2.843,53.121,19.816,-15.657,-0.212,-3.097,-3.241,11.345,3.068,1.711,11.499
synthetic_3,66,4.507,-3.272,-5.561,25.279,1.405,-2.589,56.352,19.546,-14.785,0.368,-3.137,-3.449,11.097,3.115,1.925,11.244
synthetic_3,67,5.595,-3.043,-5.805,23.737,1.181,-2.341,59.256,18.993,-13.527,0.903,-3.163,-3.646,10.864,3.149,2.129,11.002
synthetic_3,68,6.661,-2.805,-6.043,22.098,0.949,-2.099,61.753,18.189,-11.994,1.401,-3.177,-3.832,10.649,3.17,2.322,10.776
synthetic_3,69,7.703,-2.561,-6.272,20.374,0.708,-1.865,63.775,17.18,-10.305,1.876,-3.179,-4.005,10.455,3.18,2.502,10.568
synthetic_3,70,8.722,-2.31,-6.492,18.574,0.461,-1.639,65.264,16.021,-8.574,2.339,-3.168,-4.165,10.285,3.176,2.671,10.384
synthetic_3,71,9.72,-2.054,-6.703,16.709,0.208,-1.422,66.175,14.771,-6.897,2.802,-3.145,-4.312,10.142,3.16,2.825,10.224
synthetic_3,72,10.697,-1.794,-6.902,14.794,-0.049,-1.216,66.483,13.487,-5.348,3.272,-3.109,-4.444,10.029,3.132,2.966,10.093
synthetic_3,73,11.654,-1.531,-7.091,12.84,-0.31,-1.021,66.18,12.224,-3.973,3.754,-3.061,-4.562,9.947,3.091,3.093,9.992
synthetic_3,74,12.596,-1.266,-7.267,10.861,-0.574,-0.837,65.274,11.024,-2.797,4.253,-3.001,-4.664,9.897,3.038,3.204,9.923
synthetic_3,75,13.523,-1.0,-7.43,8.871,-0.84,-0.666,63.795,9.922,-1.821,4.767,-2.929,-4.751,9.88,2.974,3.301,9.886
synthetic_3,76,14.438,-0.734,-7.58,6.884,-1.107,-0.508,61.788,8.941,-1.032,5.296,-2.845,-4.821,9.897,2.897,3.381,9.883
synthetic_3,77,15.345,-0.469,-7.716,4.914,-1.372,-0.364,59.315,8.092,-0.409,5.836,-2.751,-4.876,9.947,2.809,3.445,9.913
synthetic_3,78,16.245,-0.206,-7.836,2.975,-1.637,-0.234,56.448,7.378,0.074,6.384,-2.645,-4.914,10.029,2.71,3.493,9.976
synthetic_3,79,17.142,0.054,-7.942,1.082,-1.899,-0.119,53.272,6.793,0.442,6.935,-2.529,-4.935,10.142,2.6,3.524,10.071
synthetic_3,80,18.037,0.31,-8.032,-0.754,-2.157,-0.02,49.877,6.327,0.719,7.484,-2.403,-4.94,10.285,2.48,3.539,10.196
synthetic_3,81,18.932,0.561,-8.107,-2.518,-2.411,0.064,46.354,5.965,0.922,8.024,-2.267,-4.927,10.455,2.35,3.537,10.35
synthetic_3,82,19.829,0.805,-8.165,-4.199,-2.659,0.132,42.796,5.692,1.064,8.55,-2.123,-4.899,10.649,2.211,3.518,10.529
synthetic_3,83,20.727,1.043,-8.207,-5.785,-2.901,0.184,39.29,5.493,1.156,9.055,-1.97,-4.853,10.864,2.063,3.482,10.732
synthetic_3,84,21.628,1.272,-8.232,-7.267,-3.135,0.219,35.913,5.355,1.203,9.533,-1.809,-4.791,11.097,1.907,3.43,10.955
synthetic_3,85,22.531,1.492,-8.24,-8.634,-3.361,0.237,32.731,5.265,1.211,9.977,-1.642,-4.714,11.345,1.743,3.362,11.195
synthetic_3,86,23.435,1.703,-8.232,-9.879,-3.578,0.239,29.795,5.215,1.182,10.382,-1.467,-4.62,11.603,1.573,3.278,11.447
synthetic_3,87,24.337,1.902,-8.207,-10.995,-3.784,0.224,27.139,5.198,1.121,10.741,-1.287,-4.511,11.867,1.396,3.178,11.708
synthetic_3,88,25.235,2.091,-8.165,-11.976,-3.979,0.192,24.777,5.21,1.03,11.049,-1.102,-4.386,12.133,1.214,3.063,11.973
synthetic_3,89,26.125,2.267,-8.107,-12.818,-4.163,0.144,22.708,5.252,0.915,11.302,-0.913,-4.247,12.397,1.027,2.932,12.239
synthetic_3,90,27.003,2.43,-8.032,-13.517,-4.334,0.079,20.912,5.323,0.779,11.494,-0.72,-4.095,12.655,0.836,2.788,12.501
synthetic_3,91,27.864,2.58,-7.942,-14.073,-4.492,-0.002,19.356,5.429,0.628,11.621,-0.524,-3.928,12.903,0.642,2.63,12.756
synthetic_3,92,28.702,2.716,-7.836,-14.484,-4.636,-0.098,17.998,5.576,0.467,11.679,-0.326,-3.749,13.136,0.445,2.458,12.998
synthetic_3,93,29.512,2.836,-7.716,-14.753,-4.766,-0.21,16.792,5.773,0.302,11.662,-0.127,-3.558,13.351,0.246,2.274,13.224
synthetic_3,94,30.285,2.942,-7.58,-14.88,-4.881,-0.337,15.694,6.032,0.139,11.565,0.073,-3.356,13.545,0.047,2.079,13.432
synthetic_3,95,31.015,3.032,-7.43,-14.869,-4.98,-0.478,14.665,6.364,-0.02,11.378,0.273,-3.143,13.715,-0.153,1.872,13.616
synthetic_3,96,31.693,3.107,-7.267,-14.726,-5.064,-0.633,13.678,6.788,-0.169,11.092,0.471,-2.921,13.858,-0.352,1.656,13.776
synthetic_3,97,32.313,3.165,-7.091,-14.456,-5.132,-0.802,12.715,7.321,-0.306,10.692,0.668,-2.69,13.971,-0.55,1.43,13.907
synthetic_3,98,32.866,3.207,-6.902,-14.064,-5.184,-0.983,11.77,7.983,-0.43,10.159,0.861,-2.451,14.053,-0.746,1.195,14.008
synthetic_3,99,33.343,3.232,-6.703,-13.559,-5.219,-1.176,10.85,8.796,-0.538,9.47,1.052,-2.205,14.103,-0.938,0.953,14.077
